{"playback_type": "basic", "segment_info": [["segment_1080_init.mp4", 4129868, 1215, 0.5010049343109131], ["segment_1080_1.m4s", 4129868.0, 1090952, 0.5085680484771729], ["segment_1080_2.m4s", 4129868.0, 2405154, 0.5070929527282715], ["segment_1080_3.m4s", 4129868.0, 2101115, 0.5099411010742188], ["segment_1080_4.m4s", 4129868.0, 2099324, 0.5087149143218994], ["segment_1080_5.m4s", 4129868.0, 2208183, 0.5074019432067871], ["segment_1080_6.m4s", 4129868.0, 1646294, 0.5177550315856934], ["segment_1080_7.m4s", 4129868.0, 1988844, 0.5124459266662598], ["segment_1080_8.m4s", 4129868.0, 2477902, 0.5154869556427002], ["segment_1080_9.m4s", 4129868.0, 2200744, 0.5049629211425781], ["segment_1080_10.m4s", 4129868.0, 2179856, 0.515923023223877], ["segment_1080_11.m4s", 4129868.0, 2029772, 0.5117619037628174], ["segment_1080_12.m4s", 4129868.0, 1839577, 0.5076251029968262], ["segment_1080_13.m4s", 4129868.0, 2107524, 0.5097429752349854], ["segment_1080_14.m4s", 4129868.0, 2497088, 0.5076370239257812], ["segment_1080_15.m4s", 4129868.0, 1947264, 0.506195068359375], ["segment_1080_16.m4s", 4129868.0, 1861803, 0.5057759284973145], ["segment_1080_17.m4s", 4129868.0, 2015041, 0.5042839050292969], ["segment_1080_18.m4s", 4129868.0, 2481324, 0.5036599636077881], ["segment_1080_19.m4s", 4129868.0, 1836486, 0.5077719688415527]], "playback_info": {"start_time": null, "down_shifts": 0, "end_time": null, "initial_buffering_duration": null, "interruptions": {"count": 0, "events": [], "total_duration": 0}, "up_shifts": 0}, "video_metadata": {"playback_duration": 634.625, "available_bitrates": [4129868], "mpd_file": "my.mpd"}}